﻿<?xml version="1.0" encoding="utf-8"?>
<customactions>
	<colorsyntax>
		<identifier text="jp.nium" />
		<identifier text="jp.nium.core" />
		<identifier text="jp.nium.core.collections" />
			<identifier text="DisplayList" />
		<identifier text="jp.nium.core.graphics" />
			<identifier text="GraphicObject" />
		<identifier text="jp.nium.core.namespaces" />
			<identifier text="nium_internal" />
		<identifier text="jp.nium.display" />
			<identifier text="ChildIndexer" />
			<identifier text="DocumentRoot" />
			<identifier text="ExBitmap" />
			<identifier text="ExImageLoader" />
			<identifier text="ExImageLoaderAlign" />
			<identifier text="ExLoader" />
			<identifier text="ExMovieClip" />
			<identifier text="ExPreloader" />
			<identifier text="ExSprite" />
			<identifier text="getInstanceById" />
			<identifier text="IExDisplayObject" />
			<identifier text="IExDisplayObjectContainer" />
		<identifier text="jp.nium.events" />
			<identifier text="DocumentEvent" />
			<identifier text="EventConnector" />
			<identifier text="EventIntegrator" />
			<identifier text="EventUnit" />
			<identifier text="IEventIntegrator" />
			<identifier text="OnFrameDispatcher" />
		<identifier text="jp.nium.external" />
			<identifier text="Browser" />
			<identifier text="JSFLInterface" />
		<identifier text="jp.nium.graphics" />
			<identifier text="Arrow" />
			<identifier text="Circle" />
			<identifier text="Donuts" />
			<identifier text="Gear" />
			<identifier text="Hart" />
			<identifier text="Leaf" />
			<identifier text="Square" />
			<identifier text="Star" />
			<identifier text="Triangle" />
		<identifier text="jp.nium.lang" />
			<identifier text="Locale" />
		<identifier text="jp.nium.net" />
			<identifier text="CSVLoader" />
			<identifier text="ExURLLoader" />
			<identifier text="ReflexiveLoader" />
			<identifier text="RSSLoader" />
			<identifier text="URLObject" />
		<identifier text="jp.nium.text" />
			<identifier text="ExTextField" />
		<identifier text="jp.nium.utils" />
			<identifier text="ArrayUtil" />
			<identifier text="ClassUtil" />
			<identifier text="ColorUtil" />
			<identifier text="DateUtil" />
			<identifier text="MathUtil" />
			<identifier text="MovieClipUtil" />
			<identifier text="NumberUtil" />
			<identifier text="ObjectUtil" />
			<identifier text="StageUtil" />
			<identifier text="StringUtil" />
			<identifier text="XMLUtil" />
	</colorsyntax>
</customactions>
