﻿<?xml version="1.0" encoding="utf-8"?>
<customactions>
	<colorsyntax>
		<identifier text="jp.progression" />
			<identifier text="Progression" />
		<identifier text="jp.progression.casts" />
			<identifier text="CastBitmap" />
			<identifier text="CastButton" />
			<identifier text="CastLoader" />
			<identifier text="CastMovieClip" />
			<identifier text="CastSprite" />
			<identifier text="CastTextField" />
			<identifier text="getCastById" />
			<identifier text="ICastObject" />
		<identifier text="jp.progression.casts.presets" />
			<identifier text="FadeMovie" />
			<identifier text="FadeMovieDirectionType" />
			<identifier text="ImageBox" />
			<identifier text="InOutMovie" />
			<identifier text="NextButton" />
			<identifier text="ParentButton" />
			<identifier text="Picture" />
			<identifier text="PreviousButton" />
			<identifier text="RollOverButton" />
			<identifier text="RollOverButtonNavigateType" />
			<identifier text="RootButton" />
		<identifier text="jp.progression.commands" />
			<identifier text="AddChild" />
			<identifier text="AddChildAt" />
			<identifier text="DoTween" />
			<identifier text="DoTweener" />
			<identifier text="DoTweenFrame" />
			<identifier text="Empty" />
			<identifier text="ForLoop" />
			<identifier text="Func" />
			<identifier text="Goto" />
			<identifier text="IfElse" />
			<identifier text="LoadURL" />
			<identifier text="ParallelList" />
			<identifier text="Prop" />
			<identifier text="RemoveAllChild" />
			<identifier text="RemoveChild" />
			<identifier text="SerialList" />
			<identifier text="Trace" />
			<identifier text="Wait" />
		<identifier text="jp.progression.core" />
		<identifier text="jp.progression.core.collections" />
			<identifier text="SceneList" />
		<identifier text="jp.progression.core.commands" />
			<identifier text="Command" />
			<identifier text="CommandList" />
		<identifier text="jp.progression.core.components" />
		<identifier text="jp.progression.core.components.casts" />
			<identifier text="FadeMovieComponent" />
			<identifier text="ImageBoxComponent" />
			<identifier text="InOutMovieComponent" />
			<identifier text="NextButtonComponent" />
			<identifier text="ParentButtonComponent" />
			<identifier text="PictureComponent" />
			<identifier text="PreviousButtonComponent" />
			<identifier text="RollOverButtonComponent" />
			<identifier text="RootButtonComponent" />
		<identifier text="jp.progression.core.components.casts.livepreview" />
			<identifier text="FadeLivePreview" />
			<identifier text="ImageBoxLivePreview" />
			<identifier text="InOutMovieLivePreview" />
			<identifier text="NextButtonLivePreview" />
			<identifier text="ParentButtonLivePreview" />
			<identifier text="PictureLivePreview" />
			<identifier text="PreviousButtonLivePreview" />
			<identifier text="RollOverButtonLivePreview" />
			<identifier text="RootButtonLivePreview" />
		<identifier text="jp.progression.core.components.commands" />
			<identifier text="GotoCommandComponent" />
		<identifier text="jp.progression.core.components.commands.livepreview" />
			<identifier text="GotoCommandLivePreview" />
		<identifier text="jp.progression.core.components.loader" />
			<identifier text="EasyCastingLoaderComponent" />
			<identifier text="ProgressionLoaderComponent" />
		<identifier text="jp.progression.core.components.loader.livepreview" />
			<identifier text="EasyCastingLoaderLivePreview" />
			<identifier text="ProgressionLoaderLivePreview" />
		<identifier text="jp.progression.core.debug" />
			<identifier text="Verbose" />
		<identifier text="jp.progression.core.display" />
			<identifier text="Container" />
			<identifier text="ToolChip" />
		<identifier text="jp.progression.core.managers" />
			<identifier text="HistoryManager" />
			<identifier text="HistoryManagerType" />
			<identifier text="KeyboardManager" />
			<identifier text="PrintManager" />
			<identifier text="SceneManager" />
			<identifier text="SyncManager" />
		<identifier text="jp.progression.core.namespaces" />
			<identifier text="progression_internal" />
		<identifier text="jp.progression.core.ui" />
			<identifier text="CastButtonContextMenu" />
			<identifier text="CastObjectContextMenu" />
		<identifier text="jp.progression.events" />
			<identifier text="CastEvent" />
			<identifier text="CastMouseEvent" />
			<identifier text="CommandCatchEvent" />
			<identifier text="CommandEvent" />
			<identifier text="ProcessEvent" />
			<identifier text="SceneEvent" />
		<identifier text="jp.progression.loader" />
			<identifier text="EasyCastingLoader" />
			<identifier text="ProgressionLoader" />
		<identifier text="jp.progression.scenes" />
			<identifier text="EasyCastingScene" />
			<identifier text="getSceneBySceneId" />
			<identifier text="SceneId" />
			<identifier text="SceneObject" />
	</colorsyntax>
</customactions>
