﻿<?xml version="1.0" encoding="UTF-8"?>
<dialog buttons="accept, cancel" title="PPInfo ファイルの作成">
	<grid>
		<columns>
			<column/>
			<column/>
			<column/>
		</columns>
		
		<rows>
			<row align="left">
				<label value="名前 :" control="name"/>
				<textbox id="name" />
			</row>
			<row align="left">
				<label value="種類 :" control="type" align="left"/>
				<menulist id="type">
					<menupop>
						<menuitem label="EasyCasting"/>
						<menuitem label="タイムライン"/>
						<menuitem label="クラス"/>
					</menupop>
				</menulist>
			</row>
			<row align="left">
				<label value="クラスパス :" control="classPath"/>
				<textbox id="classPath" />
			</row>
			<row align="left">
				<label value="幅 :" control="width"/>
				<textbox id="width" value="640" />
				<checkbox id="adjustWidth" label="100%" checked="false" />
			</row>
			<row align="left">
				<label value="高さ :" control="height"/>
				<textbox id="height" value="480" />
				<checkbox id="adjustHeight" label="100%" checked="false" />
			</row>
			<row align="left">
				<spacer />
				<checkbox id="centering" label="中央に表示する" checked="true" />
			</row>
		</rows>
	</grid>
</dialog>












